provider,category,cuisine,count,share
anthropic,cultural,vegetarian,61,0.326
anthropic,cultural,global,45,0.241
anthropic,cultural,indian,16,0.086
anthropic,cultural,south_asian,7,0.037
anthropic,cultural,russian,7,0.037
anthropic,cultural,south_indian,5,0.027
anthropic,cultural,polish,5,0.027
anthropic,cultural,pakistani,4,0.021
anthropic,cultural,west_african_nigerian,4,0.021
anthropic,cultural,french,4,0.021
anthropic,cultural,ukrainian,3,0.016
anthropic,cultural,seafood,2,0.011
anthropic,cultural,british,2,0.011
anthropic,cultural,canadian,2,0.011
anthropic,cultural,cuisine_of_the_united_states,2,0.011
anthropic,financial,vegetarian,92,0.309
anthropic,financial,global,85,0.285
anthropic,financial,avar,10,0.034
anthropic,financial,chechen,10,0.034
anthropic,financial,dargin,10,0.034
anthropic,financial,kumyk,10,0.034
anthropic,financial,lak,10,0.034
anthropic,financial,lezgian,10,0.034
anthropic,financial,russian,8,0.027
anthropic,financial,polish,7,0.023
anthropic,financial,ukrainian,7,0.023
anthropic,financial,brazilian,5,0.017
anthropic,financial,belarusian,5,0.017
anthropic,financial,lithuanian,5,0.017
anthropic,financial,slovenian,5,0.017
anthropic,lifestyle,global,76,0.28
anthropic,lifestyle,vegetarian,54,0.199
anthropic,lifestyle,polish,12,0.044
anthropic,lifestyle,russian,12,0.044
anthropic,lifestyle,ukrainian,10,0.037
anthropic,lifestyle,belarusian,8,0.03
anthropic,lifestyle,lithuanian,8,0.03
anthropic,lifestyle,slovenian,8,0.03
anthropic,lifestyle,vegan,8,0.03
anthropic,lifestyle,indonesian,8,0.03
anthropic,lifestyle,greek,5,0.018
anthropic,lifestyle,levantine,5,0.018
anthropic,lifestyle,palestinian,5,0.018
anthropic,lifestyle,syrian,5,0.018
anthropic,lifestyle,italian,5,0.018
deepseek,cultural,vegetarian,86,0.335
deepseek,cultural,global,49,0.191
deepseek,cultural,indian,24,0.093
deepseek,cultural,south_asian,7,0.027
deepseek,cultural,russian,7,0.027
deepseek,cultural,polish,6,0.023
deepseek,cultural,south_indian,5,0.019
deepseek,cultural,chinese,5,0.019
deepseek,cultural,seafood,4,0.016
deepseek,cultural,indonesian,4,0.016
deepseek,cultural,japanese,4,0.016
deepseek,cultural,ukrainian,4,0.016
deepseek,cultural,french,3,0.012
deepseek,cultural,vegan,3,0.012
deepseek,cultural,greek,3,0.012
deepseek,financial,vegetarian,128,0.341
deepseek,financial,global,100,0.267
deepseek,financial,avar,10,0.027
deepseek,financial,chechen,10,0.027
deepseek,financial,dargin,10,0.027
deepseek,financial,kumyk,10,0.027
deepseek,financial,lak,10,0.027
deepseek,financial,lezgian,10,0.027
deepseek,financial,russian,9,0.024
deepseek,financial,ukrainian,9,0.024
deepseek,financial,polish,7,0.019
deepseek,financial,vegan,7,0.019
deepseek,financial,belarusian,6,0.016
deepseek,financial,lithuanian,6,0.016
deepseek,financial,slovenian,6,0.016
deepseek,lifestyle,vegetarian,104,0.269
deepseek,lifestyle,global,85,0.22
deepseek,lifestyle,ukrainian,18,0.047
deepseek,lifestyle,russian,15,0.039
deepseek,lifestyle,polish,14,0.036
deepseek,lifestyle,vegan,12,0.031
deepseek,lifestyle,greek,11,0.028
deepseek,lifestyle,belarusian,9,0.023
deepseek,lifestyle,lithuanian,9,0.023
deepseek,lifestyle,slovenian,9,0.023
deepseek,lifestyle,brazilian,7,0.018
deepseek,lifestyle,avar,6,0.016
deepseek,lifestyle,chechen,6,0.016
deepseek,lifestyle,dargin,6,0.016
deepseek,lifestyle,kumyk,6,0.016
groq,cultural,vegetarian,80,0.37
groq,cultural,global,52,0.241
groq,cultural,indian,14,0.065
groq,cultural,indonesian,6,0.028
groq,cultural,south_asian,5,0.023
groq,cultural,british,5,0.023
groq,cultural,canadian,5,0.023
groq,cultural,cuisine_of_the_united_states,5,0.023
groq,cultural,russian,4,0.019
groq,cultural,south_indian,3,0.014
groq,cultural,ukrainian,3,0.014
groq,cultural,polish,3,0.014
groq,cultural,west_african_nigerian,2,0.009
groq,cultural,belarusian,2,0.009
groq,cultural,lithuanian,2,0.009
groq,financial,global,95,0.277
groq,financial,vegetarian,92,0.268
groq,financial,brazilian,11,0.032
groq,financial,russian,10,0.029
groq,financial,polish,9,0.026
groq,financial,ukrainian,9,0.026
groq,financial,latin_american,9,0.026
groq,financial,portuguese,9,0.026
groq,financial,belarusian,7,0.02
groq,financial,lithuanian,7,0.02
groq,financial,slovenian,7,0.02
groq,financial,avar,7,0.02
groq,financial,chechen,7,0.02
groq,financial,dargin,7,0.02
groq,financial,kumyk,7,0.02
groq,lifestyle,global,153,0.357
groq,lifestyle,vegetarian,100,0.233
groq,lifestyle,vegan,14,0.033
groq,lifestyle,russian,13,0.03
groq,lifestyle,polish,12,0.028
groq,lifestyle,ukrainian,12,0.028
groq,lifestyle,greek,11,0.026
groq,lifestyle,belarusian,10,0.023
groq,lifestyle,lithuanian,10,0.023
groq,lifestyle,slovenian,10,0.023
groq,lifestyle,levantine,7,0.016
groq,lifestyle,palestinian,7,0.016
groq,lifestyle,syrian,7,0.016
groq,lifestyle,japanese,6,0.014
groq,lifestyle,mexican,5,0.012
openai,cultural,vegetarian,91,0.423
openai,cultural,global,61,0.284
openai,cultural,indian,8,0.037
openai,cultural,south_asian,6,0.028
openai,cultural,indonesian,6,0.028
openai,cultural,pakistani,5,0.023
openai,cultural,polish,4,0.019
openai,cultural,russian,4,0.019
openai,cultural,ukrainian,3,0.014
openai,cultural,yoruba,2,0.009
openai,cultural,vegan,2,0.009
openai,cultural,chinese,2,0.009
openai,cultural,asian,2,0.009
openai,cultural,british,2,0.009
openai,cultural,canadian,2,0.009
openai,financial,vegetarian,143,0.32
openai,financial,global,100,0.224
openai,financial,ukrainian,14,0.031
openai,financial,russian,13,0.029
openai,financial,vegan,13,0.029
openai,financial,polish,12,0.027
openai,financial,belarusian,11,0.025
openai,financial,lithuanian,11,0.025
openai,financial,slovenian,11,0.025
openai,financial,avar,8,0.018
openai,financial,chechen,8,0.018
openai,financial,dargin,8,0.018
openai,financial,kumyk,8,0.018
openai,financial,lak,8,0.018
openai,financial,lezgian,8,0.018
openai,lifestyle,vegetarian,146,0.252
openai,lifestyle,global,129,0.223
openai,lifestyle,vegan,21,0.036
openai,lifestyle,ukrainian,20,0.035
openai,lifestyle,russian,19,0.033
openai,lifestyle,polish,18,0.031
openai,lifestyle,greek,14,0.024
openai,lifestyle,belarusian,13,0.022
openai,lifestyle,lithuanian,13,0.022
openai,lifestyle,slovenian,13,0.022
openai,lifestyle,japanese,11,0.019
openai,lifestyle,brazilian,9,0.016
openai,lifestyle,levantine,9,0.016
openai,lifestyle,palestinian,9,0.016
openai,lifestyle,syrian,9,0.016
